{"input_nodes":6,"hidden_nodes":3,"output_nodes":2,"weights_ih":{"rows":3,"cols":6,"data":[[-0.0899423376262474,-1.1885090693687015,0.4346376058773608,-1.1837055294423358,0.5837732585661393,-0.8075551640712059],[-0.01829981732587904,-0.786831681382558,-1.6899428367504405,0.413167180228928,-0.4564443832244721,0.4186348966617161],[0.07676018458936015,-1.7172950420313826,-0.21537188303062482,-2.021183747024794,0.22872311903292813,1.049539697530841]]},"weights_ho":{"rows":2,"cols":3,"data":[[1.3417451911744573,0.2446114406947518,1.19069248208319],[0.6377668817366018,-0.43287064670333947,-0.15328105467733222]]},"bias_h":{"rows":3,"cols":1,"data":[[-0.36824083977117666],[0.17274502176547812],[0.054493929226025827]]},"bias_o":{"rows":2,"cols":1,"data":[[0.7976067881533365],[0.7231258576301915]]},"learning_rate":0.1,"activation_function":{}}