{"input_nodes":6,"hidden_nodes":3,"output_nodes":2,"weights_ih":{"rows":3,"cols":6,"data":[[-0.3992035659947995,-0.8522831158093565,0.6006131241981327,-0.8681082814472617,-1.164565514890601,-1.3441838254023595],[-0.10633558395506026,-0.9778994530971646,-1.0652332285460517,-0.3277097480630934,0.22075761830941149,-0.4013587374425196],[0.4464236310086739,-2.174801430625227,-0.09935217034237048,-2.394187872862249,-0.11677645063561551,0.6405279551023939]]},"weights_ho":{"rows":2,"cols":3,"data":[[1.2018389727274206,0.808857023223202,2.1530882759923298],[1.571557627652013,-0.7222174380851193,0.49732974482959924]]},"bias_h":{"rows":3,"cols":1,"data":[[-0.18095882576561956],[-0.06256312956183598],[0.37452718101404253]]},"bias_o":{"rows":2,"cols":1,"data":[[0.7876309165458321],[1.4332866272204807]]},"learning_rate":0.1,"activation_function":{}}