{"input_nodes":6,"hidden_nodes":3,"output_nodes":2,"weights_ih":{"rows":3,"cols":6,"data":[[-0.06632876780629542,-1.0711385424652866,0.3039008920905141,-1.1995645499117655,0.2299496377793187,-0.8519481834377748],[-0.05803154674433904,-1.0744771323874318,-1.8284554840544798,0.4677516281600177,-0.8135648182177049,0.16923062939449768],[0.10352231851768566,-1.3006132311580054,-0.3540100638276305,-1.6354639421147472,0.15889920494779336,0.9817571854664296]]},"weights_ho":{"rows":2,"cols":3,"data":[[1.3177019838944588,0.39450449443741564,1.2524201920359779],[0.6346011083030532,-0.5513335405620987,-0.08512631248361939]]},"bias_h":{"rows":3,"cols":1,"data":[[-0.09218789251615081],[0.11086865809012915],[0.16912763872592915]]},"bias_o":{"rows":2,"cols":1,"data":[[0.7273074533017632],[0.9371214581580312]]},"learning_rate":0.1,"activation_function":{}}