{"input_nodes":6,"hidden_nodes":3,"output_nodes":2,"weights_ih":{"rows":3,"cols":6,"data":[[-0.17954024711737487,-1.1644645605906474,0.5947379558873859,-1.3823891082497937,0.6623154841140638,-0.759895381974173],[0.10835415327724651,-0.7970779816074,-1.567633101190411,0.4091163050565338,-0.6623327203421748,0.39508224269350567],[0.2510230742702289,-1.8490270006167076,-0.07614993705658307,-1.9581854698488141,-0.03359758035224322,1.0776683503279638]]},"weights_ho":{"rows":2,"cols":3,"data":[[1.4824291181095715,0.2028470566681234,1.421050157359725],[0.8863454541339135,-0.730481967361706,-0.03468311531076873]]},"bias_h":{"rows":3,"cols":1,"data":[[-0.5396828043699674],[0.24486231788099808],[-0.19815788669074222]]},"bias_o":{"rows":2,"cols":1,"data":[[0.8355725131881531],[0.7304811140890587]]},"learning_rate":0.1,"activation_function":{}}