{"input_nodes":6,"hidden_nodes":3,"output_nodes":2,"weights_ih":{"rows":3,"cols":6,"data":[[-0.1314985379923466,-0.7098050987157306,-0.18600683618251257,-1.6182034591463588,0.2941272115666384,-1.2846926265141536],[0.022649164280450176,-0.3239243727604481,-2.209068231552587,0.22509437593601658,-0.3668793734006374,-0.10264042067459153],[0.49772831320176053,-2.3552268518395083,0.41339325085736206,-1.5014315673488554,0.19863056478922542,0.9337888775702199]]},"weights_ho":{"rows":2,"cols":3,"data":[[1.8702151913765852,1.0039268190273323,1.5106609292076616],[0.6301796331674983,-0.32218877506810906,-0.6667985538676348]]},"bias_h":{"rows":3,"cols":1,"data":[[-0.10707991244649026],[0.16333178213172023],[-0.2771825667685769]]},"bias_o":{"rows":2,"cols":1,"data":[[0.587059051294351],[1.193737858297809]]},"learning_rate":0.1,"activation_function":{}}