{"input_nodes":6,"hidden_nodes":3,"output_nodes":2,"weights_ih":{"rows":3,"cols":6,"data":[[0.0649878404160818,-1.1885090693687015,0.3834490831635272,-1.2016741724896707,0.49802770655310485,-0.9213354839590935],[0.01312578784748,-0.901535185490292,-1.7508258444579157,0.34317663057954,-0.5060951916202152,0.4186348966617161],[0.07676018458936015,-1.6664217597802493,-0.08428772696191865,-1.9954056298109202,0.28592765890896643,1.2041012718711592]]},"weights_ho":{"rows":2,"cols":3,"data":[[1.3573755177239502,0.2758539013825142,1.1152947073752058],[0.754632129733145,-0.6964561584692037,-0.18843665478313645]]},"bias_h":{"rows":3,"cols":1,"data":[[-0.42748732409992657],[0.2019815466330916],[0.03625871246637078]]},"bias_o":{"rows":2,"cols":1,"data":[[0.8049959958000165],[0.8847966533505843]]},"learning_rate":0.1,"activation_function":{}}