{"input_nodes":6,"hidden_nodes":3,"output_nodes":2,"weights_ih":{"rows":3,"cols":6,"data":[[-0.03690214250185814,-0.8175048425962367,0.030252194428099313,-1.558911993403107,-0.19391667437099824,-1.4334139540333695],[-0.5187395484394014,-0.8082506849357292,-1.7106013553776747,-0.032465195875663204,0.5669609293505895,-0.562094050336026],[0.5208479761691461,-1.8203073041103075,0.30618129841289476,-1.858251913949007,0.21453040100003964,1.2696484843195168]]},"weights_ho":{"rows":2,"cols":3,"data":[[1.4967189753187424,1.2287644263663917,1.4833962877997133],[1.630093580616751,-0.2885572588216623,0.46252678465770786]]},"bias_h":{"rows":3,"cols":1,"data":[[-0.135853257172938],[0.1470331044663468],[-0.10430074807020387]]},"bias_o":{"rows":2,"cols":1,"data":[[0.492980319281523],[1.7401145923804915]]},"learning_rate":0.1,"activation_function":{}}