{"input_nodes":6,"hidden_nodes":3,"output_nodes":2,"weights_ih":{"rows":3,"cols":6,"data":[[-0.17958362251585078,-1.2511523756066485,0.46929126200275545,-0.9796050747701418,0.49722712998095986,-0.8563006318549569],[-0.1826851778122249,-0.8681112832217436,-2.3884354890372297,0.3880279499810177,-0.6856278727221145,0.4818769217424905],[0.32593720218683525,-1.1841756148744689,-0.3540100638276305,-1.6151830668569223,0.42137641098991296,1.1294734136977735]]},"weights_ho":{"rows":2,"cols":3,"data":[[1.2728831643564107,0.22728351176720935,1.0803106652543806],[0.6807489038972098,-0.6278474168371629,-0.013656554824882261]]},"bias_h":{"rows":3,"cols":1,"data":[[-0.32324507524175483],[-0.0001240705335087168],[-0.09405467864948472]]},"bias_o":{"rows":2,"cols":1,"data":[[0.8082831886345299],[0.8899202223554278]]},"learning_rate":0.1,"activation_function":{}}