{"input_nodes":6,"hidden_nodes":3,"output_nodes":2,"weights_ih":{"rows":3,"cols":6,"data":[[0.021899746871155673,-1.1885090693687015,0.3961516162289531,-1.2016741724896707,0.5837732585661393,-0.8570881427526308],[-0.14337317495953286,-0.8338614073848329,-1.6899428367504405,0.3344766974940717,-0.4564443832244721,0.4186348966617161],[0.07676018458936015,-1.7172950420313826,-0.21537188303062482,-2.021183747024794,0.22872311903292813,1.0613166116372417]]},"weights_ho":{"rows":2,"cols":3,"data":[[1.3417451911744573,0.2758539013825142,1.19069248208319],[0.6377668817366018,-0.5062621408003629,-0.0822307367915431]]},"bias_h":{"rows":3,"cols":1,"data":[[-0.36824083977117666],[0.17274502176547812],[0.054493929226025827]]},"bias_o":{"rows":2,"cols":1,"data":[[0.7976067881533365],[0.7231258576301915]]},"learning_rate":0.1,"activation_function":{}}