{"input_nodes":6,"hidden_nodes":3,"output_nodes":2,"weights_ih":{"rows":3,"cols":6,"data":[[0.05105781090919671,-1.119316322901635,0.2964038622846305,-1.4412632059802846,0.8403895341685109,-0.33921837754000456],[-0.06764422755573668,-0.9932929338666583,-2.1605824323120433,0.2446679058256973,-0.6266412127079393,0.14902255304830547],[-0.1548642527866434,-1.682145677077292,0.13081227018586078,-1.8579401201992642,0.3576127349409466,0.9229821401849216]]},"weights_ho":{"rows":2,"cols":3,"data":[[1.9040077972824507,0.1308759859905343,1.1144882603315938],[0.4906696230088918,-0.4946063990069147,0.29421317960243737]]},"bias_h":{"rows":3,"cols":1,"data":[[-0.4295657419475232],[0.5384509197181686],[0.04151072919509995]]},"bias_o":{"rows":2,"cols":1,"data":[[0.542438529016962],[0.08367715831454003]]},"learning_rate":0.1,"activation_function":{}}