{"input_nodes":6,"hidden_nodes":3,"output_nodes":2,"weights_ih":{"rows":3,"cols":6,"data":[[-0.15992191887356177,-1.8634324129900324,0.5607885392890956,-1.248330855050303,0.2519059062499592,-0.7204044317146139],[-0.032173348377918035,-1.2132994982494272,-1.8364358801939487,0.016136568565117068,-0.49765569269824517,0.36366382976119216],[0.0057867048611450755,-1.0863607095868466,-0.20493904466551463,-1.8945719453787493,0.8684046460782399,0.9197297743797994]]},"weights_ho":{"rows":2,"cols":3,"data":[[1.5819030071388578,0.2067051770601409,0.8797976017425171],[0.5080376957556716,-0.6041365135557936,0.16925984843922162]]},"bias_h":{"rows":3,"cols":1,"data":[[-0.33439839609152094],[-0.1316723181750133],[0.2604800155679114]]},"bias_o":{"rows":2,"cols":1,"data":[[0.7948176069217119],[1.3451012011979202]]},"learning_rate":0.1,"activation_function":{}}