{"input_nodes":6,"hidden_nodes":3,"output_nodes":2,"weights_ih":{"rows":3,"cols":6,"data":[[0.18920516906803747,-1.1736041047467753,0.17470636434563003,-0.9064332139728827,0.5901247486374102,-0.9213354839590935],[-0.04654017302595555,-0.8343924954421461,-2.2326165103185778,0.42183628801620304,-0.3749943891774385,0.23459325911598083],[-0.06647640805587753,-1.7172950420313826,-0.21550277121118544,-1.901220618844605,0.2299209783558071,0.9976599551849363]]},"weights_ho":{"rows":2,"cols":3,"data":[[1.5275756429453533,-0.1702412102202492,1.2717622239675064],[0.5788579936892896,-0.8917851445363761,-0.22897270378210827]]},"bias_h":{"rows":3,"cols":1,"data":[[-0.09474922856521337],[0.46510830446028256],[-0.12814178592451447]]},"bias_o":{"rows":2,"cols":1,"data":[[0.7908873499065706],[0.8266268565859342]]},"learning_rate":0.1,"activation_function":{}}