{"input_nodes":6,"hidden_nodes":3,"output_nodes":2,"weights_ih":{"rows":3,"cols":6,"data":[[0.10206059637154652,-1.1885090693687015,0.47694882829481294,-1.2846333472503695,0.6447775941689727,-0.8117169930473445],[-0.005766806421588453,-0.8481251479045757,-1.5396694107365405,0.413167180228928,-0.49492968466369647,0.3296989595789627],[0.07676018458936015,-1.734033397124291,-0.175483757049329,-1.9800969089835383,0.3206014985953051,0.8936120704218671]]},"weights_ho":{"rows":2,"cols":3,"data":[[1.3417451911744573,0.2446114406947518,1.2622613216357543],[0.6377668817366018,-0.43287064670333947,-0.11942856406881651]]},"bias_h":{"rows":3,"cols":1,"data":[[-0.37645399956104],[0.17274502176547812],[-0.18271359247737293]]},"bias_o":{"rows":2,"cols":1,"data":[[0.7976067881533365],[0.7231258576301915]]},"learning_rate":0.1,"activation_function":{}}