{"input_nodes":6,"hidden_nodes":3,"output_nodes":2,"weights_ih":{"rows":3,"cols":6,"data":[[0.05729199865136091,-1.5027467873976252,0.3961516162289531,-1.1831741546497265,0.49802770655310485,-0.9213354839590935],[0.01312578784748,-0.901535185490292,-1.8288188584727694,0.47755635687659215,-0.47477223720889633,0.3397239744176038],[0.013733561046309906,-1.6664217597802493,0.02964631730482571,-2.036692085708041,0.32926105628572616,0.8212964616870229]]},"weights_ho":{"rows":2,"cols":3,"data":[[1.4330785003599353,0.41068702776488936,1.1152947073752058],[0.754632129733145,-0.8980027555385321,-0.18843665478313645]]},"bias_h":{"rows":3,"cols":1,"data":[[-0.41103084086292463],[0.13392460607763523],[0.056219582228413015]]},"bias_o":{"rows":2,"cols":1,"data":[[0.8049959958000165],[0.8847966533505843]]},"learning_rate":0.1,"activation_function":{}}