{"input_nodes":6,"hidden_nodes":3,"output_nodes":2,"weights_ih":{"rows":3,"cols":6,"data":[[0.04918426331968708,-1.036237143528299,0.2610876059758811,-1.2831291076468556,0.9233792022615108,-0.3167020544448468],[-0.2595589162857103,-1.1036112355982097,-1.968674944646975,0.26736108743218656,-0.34541860426086823,0.1337149100117337],[-0.12194162043237038,-1.723541559140188,0.3019846027744234,-1.4449143958633845,0.04061951852593912,0.7066714675786171]]},"weights_ho":{"rows":2,"cols":3,"data":[[1.955984496635285,0.16772245780508002,1.289669161379989],[0.35710128962200144,-0.24894402927230946,0.16951259287865028]]},"bias_h":{"rows":3,"cols":1,"data":[[-0.3491134887372316],[0.4698296782165228],[-0.21831338236840903]]},"bias_o":{"rows":2,"cols":1,"data":[[0.4476223298721373],[-0.0858104069286324]]},"learning_rate":0.1,"activation_function":{}}