{"input_nodes":6,"hidden_nodes":3,"output_nodes":2,"weights_ih":{"rows":3,"cols":6,"data":[[0.20758598124107433,-0.8780974897267584,0.6700288294957084,-0.6782044018050333,1.01450527395903,-1.0751023566061018],[0.09394178932024726,-0.5579667224102458,-2.0794801480420033,0.0424163798418961,-0.4300228948516499,0.849453456745013],[0.3632584245529178,-0.5736234652002533,-0.18545455338696853,-1.1530191216379435,0.3835288727639806,0.7893002922094097]]},"weights_ho":{"rows":2,"cols":3,"data":[[0.6192909859379916,0.6126893661941953,0.7112654519334796],[0.6327735721156661,-0.8277023006954358,0.3441942021770447]]},"bias_h":{"rows":3,"cols":1,"data":[[0.05999164605783268],[0.11398019769410167],[0.0753057795536122]]},"bias_o":{"rows":2,"cols":1,"data":[[0.8263104100089904],[0.4553350693128582]]},"learning_rate":0.1,"activation_function":{}}