{"input_nodes":6,"hidden_nodes":3,"output_nodes":2,"weights_ih":{"rows":3,"cols":6,"data":[[0.0387615277541067,-1.008779859573059,0.20382294465521594,-1.1230732944158839,-0.8059137940306391,-1.1299310404440266],[-0.5283695177923394,-0.8753164221867004,-1.3085310557419267,0.3194239233131859,0.11153752809596852,-0.5211224105099062],[0.8006059385532163,-1.7115719897284574,-0.14354298029950888,-1.9223770710222232,-0.10771880562286391,1.0016067563067133]]},"weights_ho":{"rows":2,"cols":3,"data":[[1.2717584797056258,1.1573410437366702,1.9521166126359604],[1.46769863592987,-0.891770083623751,0.546188387391755]]},"bias_h":{"rows":3,"cols":1,"data":[[0.013984108252448696],[0.294865585915824],[0.1542488356316663]]},"bias_o":{"rows":2,"cols":1,"data":[[0.4965698866051445],[1.1141660790891166]]},"learning_rate":0.1,"activation_function":{}}