{"input_nodes":6,"hidden_nodes":3,"output_nodes":2,"weights_ih":{"rows":3,"cols":6,"data":[[-0.22621365389507225,-1.5288278941538216,0.45382791023011126,-1.0399767036665986,0.625671516387744,-1.031514323702865],[-0.288345989459218,-0.7640821894592013,-1.8376379768826674,0.3880279499810177,-0.7100761194586441,0.3384531639208509],[0.32593720218683525,-1.349956655518872,-0.20361001665876416,-1.6361695666097893,0.47205944875698264,1.1691315508214601]]},"weights_ho":{"rows":2,"cols":3,"data":[[1.3153516149197257,0.20571656443200997,1.2554380342918992],[0.6807489038972098,-0.7227868336619779,0.15930762860887382]]},"bias_h":{"rows":3,"cols":1,"data":[[-0.4446893973631937],[0.005979082025827413],[-0.16169482184314088]]},"bias_o":{"rows":2,"cols":1,"data":[[0.7683055434367101],[0.9142056090945082]]},"learning_rate":0.1,"activation_function":{}}