{"input_nodes":6,"hidden_nodes":3,"output_nodes":2,"weights_ih":{"rows":3,"cols":6,"data":[[0.4389578199334359,-0.15078793145132818,0.5240028738298734,0.46675493100215615,0.7601681851780854,-0.6115929941439204],[-0.5018564714632804,0.08770910833792814,0.3085103726909934,0.2302527163851491,0.1124895889348041,-0.19859231498498042],[-0.42014662910365574,-0.46625134879768915,-0.22560551298995274,0.7288831408986134,0.3336603146090966,-0.25692592529699043]]},"weights_ho":{"rows":2,"cols":3,"data":[[0.7510758772854471,-0.1188290549495652,-0.1269923650157932],[0.2657415937444161,0.8306423551415003,-0.32077129240413377]]},"bias_h":{"rows":3,"cols":1,"data":[[-0.24992003531336757],[-0.17385087717014036],[-0.7738724134111599]]},"bias_o":{"rows":2,"cols":1,"data":[[0.0951185063021884],[-0.4289607654027634]]},"learning_rate":0.1,"activation_function":{}}