{"input_nodes":6,"hidden_nodes":3,"output_nodes":2,"weights_ih":{"rows":3,"cols":6,"data":[[-0.3092473102698651,-0.9968452931321519,-0.1379715952893732,-1.3433636444263168,0.7911557151577918,-1.1005722725164058],[-0.0203269861012194,-0.9303784618521918,-1.562274431153809,0.30771414776775874,-0.7854204209389729,0.19041764808798425],[-0.29973448692104,-1.639384181081367,-0.3540100638276305,-1.7714660811788017,0.30387488193114665,1.0511231493624322]]},"weights_ho":{"rows":2,"cols":3,"data":[[1.5990382337084101,0.4719841784239812,1.0938455778831169],[0.6195344813700241,-0.4462289852555777,-0.32994150639356246]]},"bias_h":{"rows":3,"cols":1,"data":[[-0.5142611369911914],[0.06498030278466943],[0.06979765952478269]]},"bias_o":{"rows":2,"cols":1,"data":[[0.8331603989085308],[0.8352472779318276]]},"learning_rate":0.1,"activation_function":{}}