{"input_nodes":6,"hidden_nodes":3,"output_nodes":2,"weights_ih":{"rows":3,"cols":6,"data":[[0.001896991236724651,-1.0048812092979695,0.40549647389896154,-1.3388560049065668,0.6010021237975828,-1.0075531600478904],[0.1058709052748171,-1.0800972367935957,-1.7530034729332904,0.44666757876174523,-0.7645890653640028,0.2910150670012762],[0.10913828856888735,-1.8739162368412279,-0.2465764653573793,-1.8450631762383203,0.2969532730297671,1.0597953823393789]]},"weights_ho":{"rows":2,"cols":3,"data":[[1.884539335875264,0.2760475349064822,1.1711643300947936],[0.7271701332802976,-0.6695368424522461,-0.01047388320930119]]},"bias_h":{"rows":3,"cols":1,"data":[[-0.6005514585374792],[0.19795288451989534],[0.30576267271189084]]},"bias_o":{"rows":2,"cols":1,"data":[[0.6875140092346165],[0.5813439142823607]]},"learning_rate":0.1,"activation_function":{}}