{"input_nodes":6,"hidden_nodes":3,"output_nodes":2,"weights_ih":{"rows":3,"cols":6,"data":[[0.21939046028435752,-1.2471679070107746,0.3726346611742875,-1.2218867680152978,0.6061233006868261,-0.6277054123089998],[-0.09406865687952493,-0.803635370542011,-1.6575789469071525,0.07662014880361068,-0.5971772571598325,0.3730301617501347],[0.09509984433041577,-1.7332702876234778,0.1950136655517654,-2.0134271738963796,0.27323592160470433,1.0846246611474208]]},"weights_ho":{"rows":2,"cols":3,"data":[[1.6393641253079054,0.042858100228106516,1.2471996142818982],[0.7009080265594548,-0.44631422222878403,0.11748171102915882]]},"bias_h":{"rows":3,"cols":1,"data":[[-0.30512218082181986],[0.35663836015933637],[0.016712112417231285]]},"bias_o":{"rows":2,"cols":1,"data":[[0.6451595030928029],[0.11815187195145706]]},"learning_rate":0.1,"activation_function":{}}