{"input_nodes":6,"hidden_nodes":3,"output_nodes":2,"weights_ih":{"rows":3,"cols":6,"data":[[-0.2607131388828654,-0.9044386974509785,0.0010739915964365632,-1.4939324096194733,0.26117638800008697,-0.9209070977565689],[-0.04535099911495362,-0.6659265613688512,-1.9820726784509974,0.07954465715245304,-0.4066498131199663,-0.11130356201242117],[0.19358784150445274,-2.2085234816237844,0.4232518233551108,-1.7453284871257067,0.6107704437812471,0.6137819489300922]]},"weights_ho":{"rows":2,"cols":3,"data":[[1.6376308651316285,1.2511010148375268,1.263462987883026],[0.6954472099229065,-0.9052447119221992,0.04002458303572631]]},"bias_h":{"rows":3,"cols":1,"data":[[-0.31675503700810603],[0.3561318590839896],[0.02212023889046537]]},"bias_o":{"rows":2,"cols":1,"data":[[0.5610914248026545],[1.381675292964769]]},"learning_rate":0.1,"activation_function":{}}