{"input_nodes":6,"hidden_nodes":3,"output_nodes":2,"weights_ih":{"rows":3,"cols":6,"data":[[0.2832163646951971,-0.5926963806590873,0.38441258731224387,-0.7735910036945919,0.6045355033941571,-0.5782393918976784],[-0.04886511486041084,-0.16981021186701156,-1.5768304575766352,0.10170497841615683,0.377462534574273,1.0296982000761856],[0.24576378545721062,-0.09625623286814894,-0.2945175458797583,-0.9638962814881734,0.6735374592867088,0.14706162839913303]]},"weights_ho":{"rows":2,"cols":3,"data":[[0.499565806801462,0.5583242829611667,0.45913823980440666],[0.8189213345737081,-0.2760629690045262,-0.03711276655490406]]},"bias_h":{"rows":3,"cols":1,"data":[[-0.3236989942736055],[0.19645348266636203],[0.18325290306146053]]},"bias_o":{"rows":2,"cols":1,"data":[[0.8857447396483392],[0.5317385952523518]]},"learning_rate":0.1,"activation_function":{}}