{"input_nodes":6,"hidden_nodes":3,"output_nodes":2,"weights_ih":{"rows":3,"cols":6,"data":[[0.09430198768761333,-1.868909217482579,0.5857515296309668,-1.398412773619542,0.19223613511028798,-0.7204044317146139],[-0.21610981381270603,-1.3762883561457746,-1.8230977029469284,-0.15484563008285787,-0.4151339037905979,0.32553924358996145],[0.1883807405157895,-1.2590144768612448,-0.10317262884225871,-1.7340709944737935,0.8424299925006674,0.7503539478974088]]},"weights_ho":{"rows":2,"cols":3,"data":[[1.902371154189576,0.25088266375839774,0.8752843366734708],[0.6326935147633895,-0.3217380776109412,0.2286832752571172]]},"bias_h":{"rows":3,"cols":1,"data":[[-0.2744454709861292],[0.05588209016827789],[-0.011879047186803021]]},"bias_o":{"rows":2,"cols":1,"data":[[0.7800402325641655],[1.575480940700913]]},"learning_rate":0.1,"activation_function":{}}