{"input_nodes":6,"hidden_nodes":8,"output_nodes":2,"weights_ih":{"rows":8,"cols":6,"data":[[-0.6653851644805436,-0.559256621229494,0.41766706285137395,-0.19670951096125552,-0.15933733175982184,-0.965522670597056],[0.36031907372077143,-0.8806438496516219,0.5225677549998116,-0.8074451527688798,-1.199532956739062,-0.41169595558451805],[1.3433580720398535,1.0634489039314607,0.7391489826935744,0.2760740199416676,1.40299576165373,-0.32625045631915933],[-0.3537562395736098,-0.7157023539790719,-0.48315224786454836,1.152053203241985,-0.34365397861946617,0.7003321858372744],[0.022300153696244968,-1.0576998135087694,0.4641432823022413,0.7179557381683093,0.32261029069152364,0.2834041197108721],[0.3270060775686715,-0.1512239534806995,-0.19803490342134153,0.16616778091387469,1.0192634830336251,0.844768486322354],[1.564556834470036,0.4500188360717573,-0.14562602637961025,-0.6836850684979389,0.4067321795999622,0.3115472007088168],[1.2272416430208972,-0.5362126481342196,-0.1707518596558239,0.4313739607542528,-0.2690393266801758,0.057138877141237984]]},"weights_ho":{"rows":2,"cols":8,"data":[[0.12788513157689874,0.6045926830841045,-1.3080328033824629,-0.07785059817850612,-0.42727515984015696,-0.2527956554496447,-0.5065260940352188,-1.072489523315666],[1.6283330122642223,0.4441352648249418,-0.8346755782117777,0.8522367928219864,0.9940179538950088,0.34822521522863337,-0.5694111732361937,0.32990303937320287]]},"bias_h":{"rows":8,"cols":1,"data":[[-0.40424714159267383],[0.3202251085265737],[-0.35435489818958865],[0.3735317190569221],[1.0532598205703245],[-0.011833766134785817],[-0.835239725837626],[0.11267223749607555]]},"bias_o":{"rows":2,"cols":1,"data":[[-0.7278074185591077],[0.2504905124026414]]},"learning_rate":0.1,"activation_function":{}}